INSERT INTO Employee VALUES('Test1','Test1@mail.com');
INSERT INTO Employee VALUES('Test3','Test2@mail.com');
INSERT INTO Employee VALUES('Test3','Test3@mail.com');
INSERT INTO Employee VALUES('Test4','Test4@mail.com');
INSERT INTO Employee VALUES('Test5','Test5@mail.com');
INSERT INTO Employee VALUES('Test6','Test6@mail.com');
INSERT INTO Employee VALUES('Test7','Test7@mail.com');
INSERT INTO Employee VALUES('Test8','Test8@mail.com');
INSERT INTO Employee VALUES('Test9','Test9@mail.com');
INSERT INTO Employee VALUES('Test10','Test10@mail.com');


INSERT INTO Office VALUES('off1','off1 at off1','HYDERABAD');
INSERT INTO Office VALUES('off2','off2 at off2','HYDERABAD');
INSERT INTO Office VALUES('off3','off2 at off3','HYDERABAD');

INSERT INTO Vehicle VALUES('Test-t-1111',1,500000,'FOUR_WHEELER');
INSERT INTO Vehicle VALUES('Test-t-1111',1,500000,'FOUR_WHEELER');
INSERT INTO Vehicle VALUES('Test-t-1111',1,500000,'TWO_WHEELER');
INSERT INTO Vehicle VALUES('Test-t-1111',0,500001,'FOUR_WHEELER');
INSERT INTO Vehicle VALUES('Test-t-1111',0,500001,'FOUR_WHEELER');
INSERT INTO Vehicle VALUES('Test-t-1111',0,500002,'FOUR_WHEELER');
INSERT INTO Vehicle VALUES('Test-t-1111',0,500003,'TWO_WHEELER');
INSERT INTO Vehicle VALUES('Test-t-1111',0,500004,'FOUR_WHEELER');
INSERT INTO Vehicle VALUES('Test-t-1111',0,500005,'TWO_WHEELER');
INSERT INTO Vehicle VALUES('Test-t-1111',0,500006,'FOUR_WHEELER');
INSERT INTO Vehicle VALUES('Test-t-1111',0,500007,'FOUR_WHEELER');
INSERT INTO Vehicle VALUES('Test-t-1111',0,500008,'FOUR_WHEELER');
INSERT INTO Vehicle VALUES('Test-t-1111',0,500009,'FOUR_WHEELER');
INSERT INTO Vehicle VALUES('Test-t-1111',0,500009,'TWO_WHEELER');
INSERT INTO Vehicle VALUES('Test-t-1111',0,500009,'TWO_WHEELER');

INSERT INTO Slot VALUES(1,'FOUR_WHEELER',1);
INSERT INTO Slot VALUES(1,'FOUR_WHEELER',1);
INSERT INTO Slot VALUES(0,'FOUR_WHEELER',1);
INSERT INTO Slot VALUES(0,'FOUR_WHEELER',1);
INSERT INTO Slot VALUES(1,'FOUR_WHEELER',2);
INSERT INTO Slot VALUES(0,'FOUR_WHEELER',2);
INSERT INTO Slot VALUES(0,'FOUR_WHEELER',2);
INSERT INTO Slot VALUES(1,'FOUR_WHEELER',3);
INSERT INTO Slot VALUES(0,'FOUR_WHEELER',3);
INSERT INTO Slot VALUES(0,'FOUR_WHEELER',3);
INSERT INTO Slot VALUES(0,'FOUR_WHEELER',3);
INSERT INTO Slot VALUES(1,'TWO_WHEELER',1);
INSERT INTO Slot VALUES(1,'TWO_WHEELER',1);
INSERT INTO Slot VALUES(0,'TWO_WHEELER',1);
INSERT INTO Slot VALUES(0,'TWO_WHEELER',1);
INSERT INTO Slot VALUES(1,'TWO_WHEELER',2);
INSERT INTO Slot VALUES(0,'TWO_WHEELER',2);
INSERT INTO Slot VALUES(0,'TWO_WHEELER',2);
INSERT INTO Slot VALUES(1,'TWO_WHEELER',3);
INSERT INTO Slot VALUES(0,'TWO_WHEELER',3);
INSERT INTO Slot VALUES(0,'TWO_WHEELER',3);


INSERT INTO userinfo VALUES('Test1@mail.com', '$2a$07$wilECJ97iv9VyQhdmY2SXOEZSzEp4UTev09UyFO5dhLMeWwkxacFu', 500000);
INSERT INTO userinfo VALUES('Test2@mail.com', '$2a$07$wilECJ97iv9VyQhdmY2SXOEZSzEp4UTev09UyFO5dhLMeWwkxacFu', 500001);
INSERT INTO userinfo VALUES('Test3@mail.com', '$2a$07$wilECJ97iv9VyQhdmY2SXOEZSzEp4UTev09UyFO5dhLMeWwkxacFu', 500002);
INSERT INTO userinfo VALUES('Test4@mail.com', '$2a$07$wilECJ97iv9VyQhdmY2SXOEZSzEp4UTev09UyFO5dhLMeWwkxacFu', 500003);
INSERT INTO userinfo VALUES('Test5@mail.com', '$2a$07$wilECJ97iv9VyQhdmY2SXOEZSzEp4UTev09UyFO5dhLMeWwkxacFu', 500004);
INSERT INTO userinfo VALUES('Test6@mail.com', '$2a$07$wilECJ97iv9VyQhdmY2SXOEZSzEp4UTev09UyFO5dhLMeWwkxacFu', 500005);
INSERT INTO userinfo VALUES('Test7@mail.com', '$2a$07$wilECJ97iv9VyQhdmY2SXOEZSzEp4UTev09UyFO5dhLMeWwkxacFu', 500006);
INSERT INTO userinfo VALUES('Test8@mail.com', '$2a$07$wilECJ97iv9VyQhdmY2SXOEZSzEp4UTev09UyFO5dhLMeWwkxacFu', 500007);
INSERT INTO userinfo VALUES('Test9@mail.com', '$2a$07$wilECJ97iv9VyQhdmY2SXOEZSzEp4UTev09UyFO5dhLMeWwkxacFu', 500008);
INSERT INTO userinfo VALUES('Test10@mail.com','$2a$07$wilECJ97iv9VyQhdmY2SXOEZSzEp4UTev09UyFO5dhLMeWwkxacFu', 500009);

INSERT INTO user_role VALUES(1, 'ADMIN');
INSERT INTO user_role VALUES(2, 'USER');
INSERT INTO user_role VALUES(3, 'USER');
INSERT INTO user_role VALUES(4, 'USER');
INSERT INTO user_role VALUES(5, 'GUEST');
INSERT INTO user_role VALUES(6, 'GUEST');
INSERT INTO user_role VALUES(7, 'ADMIN');
INSERT INTO user_role VALUES(8, 'USER');
INSERT INTO user_role VALUES(9, 'GUEST');
INSERT INTO user_role VALUES(10,'GUEST');
